{
    "name": "DbM CMS Lite",
    "version": "2.0.0",
    "description": "Content Management System.",
    "files": {
        "indexController": "_Documents/CMSLite/src/Controller/IndexController.php",
        "userException": "_Documents/CMSLite/src/Exception/UserNotFoundException.php",
        "indexForm": "_Documents/CMSLite/src/Form/IndexForm.php",
        "indexService": "_Documents/CMSLite/src/Service/IndexService.php",
        "utilityNav": "_Documents/CMSLite/src/Utility/NavigationUtility.php",
        "config": "_Documents/CMSLite/config",
        "dataContent": "_Documents/CMSLite/data/content",
        "modCMSLite": "_Documents/CMSLite/modules/CMSLite",
        "publicAssets": "_Documents/CMSLite/public/assets",
        "templates": "_Documents/CMSLite/templates",
        "tplInclude": "_Documents/CMSLite/templates/_include"
    },
    "target": {
        "indexController": "src/Controller/IndexController.php",
        "userException": "src/Exception/UserNotFoundException.php",
        "indexForm": "src/Form/IndexForm.php",
        "indexService": "src/Service/IndexService.php",
        "utilityNav": "src/Utility/NavigationUtility.php",
        "config": "config",
        "dataContent": "data/content",
        "modCMSLite": "modules/CMSLite",
        "publicAssets": "public/assets",
        "templates": "templates",
        "tplInclude": "templates/_include"
    }
}
