{
    "name": "Install DbM Framework",
    "version": "2.0.0",
    "description": "Install support only",
    "files": {
		"indexController": "_Documents/install/src/Controller/IndexController.php",
        "indexService": "_Documents/install/src/Service/IndexService.php",
        "installController": "_Documents/install/src/Controller/InstallController.php",
        "installService": "_Documents/install/src/Service/InstallService.php",
        "installRepository": "_Documents/install/src/Repository/InstallRepository.php",
        "templates": "_Documents/install/templates",
        "tplComponent": "_Documents/install/templates/_component",
        "tplInclude": "_Documents/install/templates/_include",
        "tplInstall": "_Documents/install/templates/install",
        "tplIndex": "_Documents/install/templates/index",
        "translations": "_Documents/install/translations"
    },
    "target": {
		"indexController": "src/Controller/IndexController.php",
        "indexService": "src/Service/IndexService.php",
        "installController": "src/Controller/InstallController.php",
        "installService": "src/Service/InstallService.php",
        "installRepository": "src/Repository/InstallRepository.php",
        "templates": "templates",
        "tplComponent": "templates/_component",
        "tplInclude": "templates/_include",
        "tplInstall": "templates/install",
        "tplIndex": "templates/index",
        "translations": "translations"
    }
}
