{
    "name": "DbM CMS Authentication",
    "version": "2.0.0",
    "description": "Authentication module.",
    "files": {
        "authController": "_Documents/Authentication/src/Controller/AuthenticationController.php",
        "authLoginForm": "_Documents/Authentication/src/Form/AuthenticationLoginForm.php",
        "authRegisterForm": "_Documents/Authentication/src/Form/AuthenticationRegisterForm.php",
        "authResetPassForm": "_Documents/Authentication/src/Form/AuthenticationResetPassForm.php",
        "authResetPasswordForm": "_Documents/Authentication/src/Form/AuthenticationResetPasswordForm.php",
        "authRepository": "_Documents/Authentication/src/Repository/AuthenticationRepository.php",
        "authService": "_Documents/Authentication/src/Service/AuthenticationService.php",
        "accountController": "_Documents/Authentication/src/Controller/AccountController.php",
        "accountPasswordForm": "_Documents/Authentication/src/Form/AccountPasswordForm.php",
        "accountProfileForm": "_Documents/Authentication/src/Form/AccountProfileForm.php",
        "accountRepository": "_Documents/Authentication/src/Repository/AccountRepository.php",
        "accountService": "_Documents/Authentication/src/Service/AccountService.php",
        "dataMailer": "_Documents/Authentication/data/mailer",
        "publicAvatar": "_Documents/Authentication/public/images/avatar",
        "templates": "_Documents/Authentication/templates",
        "tplInclude": "_Documents/Authentication/templates/_include",
        "translations": "_Documents/Authentication/translations"
    },
    "target": {
        "authController": "src/Controller/AuthenticationController.php",
        "authLoginForm": "src/Form/AuthenticationLoginForm.php",
        "authRegisterForm": "src/Form/AuthenticationRegisterForm.php",
        "authResetPassForm": "src/Form/AuthenticationResetPassForm.php",
        "authResetPasswordForm": "src/Form/AuthenticationResetPasswordForm.php",
        "authRepository": "src/Repository/AuthenticationRepository.php",
        "authService": "src/Service/AuthenticationService.php",
        "accountController": "src/Controller/AccountController.php",
        "accountPasswordForm": "src/Form/AccountPasswordForm.php",
        "accountProfileForm": "src/Form/AccountProfileForm.php",
        "accountRepository": "src/Repository/AccountRepository.php",
        "accountService": "src/Service/AccountService.php",
        "dataMailer": "data/mailer",
        "publicAvatar": "public/images/avatar",
        "templates": "templates",
        "tplInclude": "templates/_include",
        "translations": "translations"
    }
}
