{
    "index": {
        "link": {
            "name": "index",
            "title": "navbar.nav.home"
        },
        "type": "list",
        "order": 1
    },
    "service": {
        "link": {
            "name": "page",
            "params": {
                "slug": "service"
            },
            "title": "navbar.nav.service"
        },
        "type": "list",
        "order": 2
    },
    "portfolio": {
        "link": {
            "name": "page",
            "params": {
                "slug": "portfolio"
            },
            "title": "navbar.nav.portfolio"
        },
        "type": "list",
        "order": 3
    },
    "starter": {
        "link": {
            "name": "page",
            "params": {
                "slug": "starter"
            },
            "title": "navbar.nav.starter"
        },
        "type": "list",
        "order": 4
    }
}
